{
    "age": 27,
    "region": {
        "x": 79,
        "y": 318,
        "w": 443,
        "h": 443
    },
    "gender": "Man",
    "race": {
        "asian": 27.44390935374387,
        "indian": 9.87974809053563,
        "black": 5.730022179481724,
        "white": 18.592389691783225,
        "middle eastern": 16.71029577132514,
        "latino hispanic": 21.64362559990578
    },
    "dominant_race": "asian"
}